total oil india privat limit , total
asif rubber industri ( pvt ) ltd .
shanghai mega capit industri develop co. , ltd .
dht trade develop ltd .
safe tech co .
abdul wahab trade
api
piyestra furnitur ( pvt ) ltd .
golden cover trade llc
shenzhen sunway plastic mold co. , ltd .
compog
bollor logist usa inc .
qingdao binji intern logist co. , ltd .
ocean freight express llc
bestocean worldwid logist inc .
juno logist
ajc intern inc .
elastochemi imp . & exp . pvt. , ltd .
ptc industri ltd .
roof line privat ltd .
labna med general trade llc
absa bank ltd .
fac gb srl adhes
sho intern
morgan industri ltd .
emulz standart
orient rubber industri privat ltd .
sy industri
kizilirmak insaat ticaret ve sanayi anonim sirketi
dalian fuji plastic
abdul hamid abdul rahim al emadi tr
zenith rubber industri middl ea
ktn
caucho industrial s.a .
dsa
georg boerner
guy chemic
anchor logist
sam intern
mission citi contain inc .
roop polym ltd .
manglam polym
m as merchandis
hb fuller argentina s.a.i.c ruta
barwar trade co .
trb intern
bommer industri inc .
co. one
intuit solut llc
mohan trade co .
bulmarket dm
r s industri
exel logist inc .
sika s a .
co. one
shri krishan rubber chemic
front row event level 1
dongguan silverlit toy co. , ltd .
chand engin
alma sport
cratex de mexico sa de cv
sto corp
ep resin
iko industri ltd .
cera chem privat ltd .
galza industri s.a. de c.v .
china merchant heavi industri ( shenzhen ) co. , ltd .
oak tree enterpris co. , ltd .
dajieda industri ( shenzhen ) co. , ltd .
detonador estrella sa de cv
robertson industri inc .
seinen
phoenix industri ltd .
elastron kimya
greca distribuidora de asfalto ltda
k & c logist co. , ltd .
uip intern inc .
ram
ennov product llc
1 8168912400 tel ex 1 816891 76
desarrollo servint sa de cv
isolago - indústria de plástico s.a .
localpack s.a .
mg zain trade co .
marathon electr mfg . of mexico de rl de cv
mona industri sarl
casali spa
oia global logist
gap
vibracoust india privat ltd .
alpha adhes and sealant limit
pacif road logist
selasti sp a
healthdent technolog intern
bmw industri limt
sunshin logist
7 cargo corp. 6000
s j rubber industri ltd .
sumitomo corp. of america
allplast s.a. de c.v .
versali s.p.a .
ceeco industri inc .
kapco industri inc .
n s h trade
derbi konveyor bant sanv tic a
hbs co. , ltd .
soprema iberia s.l .
philippin bed & furnitur mfg . corp
kraton polym trade shanghai co. , ltd .
g.p . ( pvt ) ltd .
пирелли тайр руссия
agil logist corp .
qingdao lian ya boat co. , ltd .
euro italian freight system
sonica intern inc .
o.o.johnson logist intern
janco handel gmb h
g & b intern inc .
k.l . industri
mehler engin product india privat ltd .
eazi trade inc .
sundaram lanka tyre ltd .
lev termoplastico ltda
gray nicol sport ( pti ) ltd .
phoenix indusri ltd .
verel srl
imperi auto industri ltd .
s.r . industri
özşahin a.ş
llc itc
ambica corp
vipal rubber corp .
safari hyper market
zhongshan armor industri co. , ltd .
sleep technolog dba
goodyear
irandantex chemic mfg . co. , ltd .
h.r . intern
saint gobain abras ( thailand ) l
citi ocean intern inc .
alaska multi polym pvt. , ltd .
r.m . palmer co .
sport merchandis irland ltd .
mr retail
guangzhou nagas trade ltd .
dachser transport & logist
orbit wood and alli industri lt
midcontinent chemic
utc
zhuhai nanqin trade co. , ltd .
georg boerner
d samson industri pvt. , ltd .
in time logistica eir epp
rhino rugbi asia
r.h. claydon ltd. ( saxham )
kraton chemic
front row event att.jacquelin
tailer s a
a. n. dering inc .
xin m ( xiamen ) sport good co. , ltd .
bmw de mexico sa de cv
bridgeston neumatico de monterreysa de cv
estok comercio e representaco sa
korlead industri co. , ltd .
air port aviat servic privat ltd .
high treasur industri co. , ltd .
ecu intern nv
panweld enterpris
arvind industri
s.r . intern
shin ltd. industri corp
nation co. for spin & weav
univers multi industri sarl
химинвест нпф , ооо
matrix distributor pvt. , ltd .
transway logist intern ( nz )
maquilado de elastomero sa de cv
gezolan ( kraiburg ) lp
hanwella rubber product ltd .
total express hq
nri inc .
ömür taban
jiangmen pengjiang hualong pack materi co. , ltd .
stitchlin trade llc
kitron electron mfg . ( ningbo ) co. , ltd .
m.b . dye chemic and silk industri pvt. , ltd .
paul bauder gmbh & co kg , bochum plant
asf global , llc
regopar s.a .
grippo solut ( india ) privat ltd .
werner janikowo
panda logist usa inc .
sto corp
polym scienc and technolog co. , ltd. xiamen xiang bang
dana industria ltda
sunland logist
galaxi medicar
eve rubber institut co. , ltd .
ac america
freuden medic plastic hardwar product ( shenzhen ) co. , ltd .
